,0,1,2,3,4,5,6,7,8,9,10,11,12,13,14,15,16,17,18,19
0,Lyon,Metz,Bordeaux,Caen,Nantes,Montpellier,Nice,Paris SG,Monaco,Guingamp,Marseille,Toulouse,St Etienne,Lorient,Lille,Angers,Dijon,Rennes,Nancy,Bastia
1,Lyon,Paris SG,Nice,Toulouse,Guingamp,Monaco,St Etienne,Rennes,Lille,Nantes,Caen,Montpellier,Bordeaux,Metz,Bastia,Marseille,Angers,Dijon,Lorient,Nancy
2,Lyon,Monaco,Guingamp,Nice,Paris SG,Caen,Metz,Bordeaux,Toulouse,St Etienne,Marseille,Rennes,Lille,Montpellier,Dijon,Nantes,Bastia,Angers,Lorient,Nancy
3,Monaco,Nice,Metz,Bordeaux,Guingamp,Lyon,Rennes,Paris SG,Caen,Toulouse,St Etienne,Bastia,Montpellier,Marseille,Lille,Dijon,Angers,Nantes,Nancy,Lorient
4,Monaco,Nice,Paris SG,Metz,Lyon,Bordeaux,Toulouse,Guingamp,St Etienne,Rennes,Montpellier,Angers,Caen,Marseille,Bastia,Dijon,Lille,Nantes,Nancy,Lorient
5,Nice,Paris SG,Monaco,Lyon,Bordeaux,Toulouse,Guingamp,Rennes,Metz,St Etienne,Angers,Bastia,Montpellier,Caen,Marseille,Nantes,Nancy,Lille,Dijon,Lorient
6,Nice,Monaco,Toulouse,Paris SG,Bordeaux,Metz,Lyon,St Etienne,Guingamp,Rennes,Bastia,Angers,Marseille,Dijon,Caen,Montpellier,Lorient,Nantes,Nancy,Lille
7,Nice,Monaco,Paris SG,Lyon,Toulouse,Bordeaux,Rennes,Metz,St Etienne,Guingamp,Angers,Caen,Marseille,Bastia,Dijon,Nantes,Montpellier,Lille,Lorient,Nancy
8,Nice,Paris SG,Monaco,Toulouse,Lyon,Guingamp,Bordeaux,Rennes,St Etienne,Angers,Metz,Marseille,Nantes,Montpellier,Caen,Bastia,Dijon,Lille,Lorient,Nancy
9,Nice,Monaco,Paris SG,Toulouse,Guingamp,Rennes,St Etienne,Lyon,Bordeaux,Angers,Marseille,Metz,Dijon,Nantes,Lille,Montpellier,Caen,Bastia,Nancy,Lorient
10,Nice,Monaco,Paris SG,Guingamp,Rennes,Toulouse,Lyon,St Etienne,Bordeaux,Marseille,Angers,Dijon,Metz,Nantes,Montpellier,Bastia,Lille,Caen,Nancy,Lorient
11,Nice,Monaco,Paris SG,Guingamp,Lyon,Rennes,Toulouse,Bordeaux,St Etienne,Angers,Dijon,Marseille,Montpellier,Metz,Caen,Nantes,Bastia,Lille,Nancy,Lorient
12,Nice,Monaco,Paris SG,Lyon,Guingamp,Rennes,Bordeaux,Toulouse,St Etienne,Angers,Marseille,Metz,Montpellier,Dijon,Caen,Nantes,Nancy,Bastia,Lille,Lorient
13,Nice,Monaco,Paris SG,Lyon,Rennes,Guingamp,Bordeaux,St Etienne,Toulouse,Angers,Metz,Marseille,Montpellier,Dijon,Caen,Nantes,Nancy,Bastia,Lille,Lorient
14,Nice,Paris SG,Monaco,Lyon,Bordeaux,Rennes,Guingamp,Toulouse,St Etienne,Angers,Marseille,Metz,Nancy,Montpellier,Dijon,Lille,Caen,Bastia,Nantes,Lorient
15,Nice,Monaco,Paris SG,Lyon,Rennes,Guingamp,Bordeaux,Toulouse,St Etienne,Marseille,Angers,Montpellier,Metz,Lille,Dijon,Nancy,Caen,Bastia,Nantes,Lorient
16,Nice,Monaco,Paris SG,Lyon,Rennes,Guingamp,Toulouse,St Etienne,Marseille,Bordeaux,Lille,Angers,Montpellier,Nancy,Metz,Dijon,Bastia,Nantes,Caen,Lorient
17,Nice,Monaco,Paris SG,Lyon,Guingamp,Marseille,Rennes,Toulouse,St Etienne,Bordeaux,Montpellier,Lille,Nancy,Bastia,Angers,Nantes,Caen,Metz,Dijon,Lorient
18,Nice,Monaco,Paris SG,Lyon,Guingamp,Marseille,Rennes,St Etienne,Toulouse,Bordeaux,Montpellier,Nantes,Lille,Nancy,Dijon,Bastia,Angers,Metz,Caen,Lorient
19,Monaco,Nice,Paris SG,Lyon,Guingamp,Marseille,Rennes,St Etienne,Toulouse,Bordeaux,Nantes,Nancy,Montpellier,Lille,Caen,Dijon,Angers,Metz,Bastia,Lorient
20,Monaco,Nice,Paris SG,Lyon,Guingamp,St Etienne,Marseille,Rennes,Bordeaux,Toulouse,Nantes,Nancy,Caen,Montpellier,Lille,Metz,Dijon,Bastia,Angers,Lorient
21,Monaco,Nice,Paris SG,Lyon,St Etienne,Marseille,Bordeaux,Guingamp,Rennes,Toulouse,Lille,Nantes,Caen,Dijon,Nancy,Montpellier,Angers,Metz,Bastia,Lorient
22,Monaco,Paris SG,Nice,Lyon,St Etienne,Marseille,Bordeaux,Guingamp,Rennes,Toulouse,Caen,Nancy,Lille,Montpellier,Nantes,Metz,Dijon,Angers,Bastia,Lorient
23,Monaco,Paris SG,Nice,Lyon,St Etienne,Marseille,Bordeaux,Rennes,Guingamp,Toulouse,Metz,Caen,Nancy,Nantes,Lille,Montpellier,Dijon,Angers,Bastia,Lorient
24,Monaco,Paris SG,Nice,Lyon,St Etienne,Marseille,Bordeaux,Guingamp,Toulouse,Rennes,Nantes,Montpellier,Metz,Caen,Dijon,Angers,Nancy,Lille,Bastia,Lorient
25,Monaco,Paris SG,Nice,Lyon,St Etienne,Marseille,Bordeaux,Toulouse,Guingamp,Rennes,Montpellier,Nantes,Angers,Metz,Lille,Caen,Dijon,Nancy,Bastia,Lorient
26,Monaco,Paris SG,Nice,Lyon,Bordeaux,St Etienne,Marseille,Rennes,Toulouse,Guingamp,Nantes,Angers,Montpellier,Caen,Metz,Lille,Nancy,Dijon,Bastia,Lorient
27,Monaco,Paris SG,Nice,Lyon,Bordeaux,Marseille,St Etienne,Rennes,Toulouse,Angers,Guingamp,Nantes,Montpellier,Caen,Metz,Lille,Nancy,Dijon,Bastia,Lorient
28,Monaco,Paris SG,Nice,Lyon,Marseille,Bordeaux,St Etienne,Guingamp,Rennes,Nantes,Toulouse,Angers,Montpellier,Lille,Caen,Metz,Dijon,Nancy,Bastia,Lorient
29,Monaco,Paris SG,Nice,Lyon,Marseille,Bordeaux,St Etienne,Rennes,Angers,Guingamp,Nantes,Toulouse,Metz,Lille,Montpellier,Caen,Dijon,Nancy,Lorient,Bastia
30,Monaco,Paris SG,Nice,Lyon,Marseille,Bordeaux,St Etienne,Guingamp,Nantes,Toulouse,Rennes,Angers,Lille,Metz,Montpellier,Caen,Dijon,Nancy,Lorient,Bastia
31,Monaco,Paris SG,Nice,Lyon,Bordeaux,Marseille,St Etienne,Nantes,Toulouse,Guingamp,Rennes,Angers,Lille,Montpellier,Metz,Caen,Nancy,Lorient,Dijon,Bastia
32,Monaco,Paris SG,Nice,Lyon,Bordeaux,Marseille,St Etienne,Guingamp,Rennes,Nantes,Toulouse,Montpellier,Angers,Lille,Metz,Caen,Nancy,Lorient,Dijon,Bastia
33,Monaco,Paris SG,Nice,Lyon,Bordeaux,Marseille,St Etienne,Nantes,Rennes,Guingamp,Toulouse,Lille,Montpellier,Angers,Metz,Lorient,Caen,Dijon,Nancy,Bastia
34,Monaco,Paris SG,Nice,Lyon,Bordeaux,Marseille,St Etienne,Nantes,Rennes,Guingamp,Lille,Toulouse,Montpellier,Angers,Metz,Lorient,Dijon,Caen,Nancy,Bastia
35,Monaco,Paris SG,Nice,Lyon,Marseille,Bordeaux,St Etienne,Nantes,Guingamp,Rennes,Lille,Toulouse,Metz,Angers,Montpellier,Caen,Lorient,Dijon,Nancy,Bastia
36,Monaco,Paris SG,Nice,Lyon,Marseille,Bordeaux,Nantes,St Etienne,Rennes,Guingamp,Toulouse,Lille,Angers,Metz,Montpellier,Dijon,Caen,Lorient,Bastia,Nancy
37,Monaco,Paris SG,Nice,Lyon,Marseille,Bordeaux,Nantes,St Etienne,Rennes,Guingamp,Lille,Angers,Toulouse,Metz,Montpellier,Dijon,Caen,Lorient,Nancy,Bastia
