,Game Date,Home Team,Away Team,Home ATT,Away ATT,Home DEF,Away DEF,Home MID,Away MID,Home Win Odds,Draw Odds,Away Win Odds,Winner,Home win Odds not normal,Draw Odds not normal,Away win Odds not normal
0,19/08/16,Adanaspor,Bursaspor,71,70,67,71,69,72,0.22938057574710866,0.2670107700565487,0.5036086541963426,2,4.08,3.5050000000000003,1.8583333333333334
1,20/08/16,Besiktas,Alanyaspor,78,73,76,71,78,70,0.6813873457438498,0.2002226779026752,0.11838997635347495,1,1.3766666666666667,4.685,7.923333333333333
2,20/08/16,Rizespor,Konyaspor,76,72,68,71,68,70,0.3240053194367162,0.29914822513789513,0.3768464554253888,X,2.8883333333333336,3.1283333333333334,2.483333333333333
3,20/08/16,Trabzonspor,Kasimpasa,73,69,76,71,74,71,0.41359957961114036,0.285580662112454,0.3008197582764057,1,2.2716666666666665,3.2900000000000005,3.123333333333333
4,21/08/16,Antalyaspor,Osmanlispor,81,74,72,74,71,72,0.371973163404375,0.288360148179326,0.339666688416299,X,2.5233333333333334,3.2550000000000003,2.763333333333333
5,21/08/16,Buyuksehyr,Fenerbahce,78,80,73,78,75,77,0.29295066937760994,0.28521796135342936,0.42183136926896075,1,3.1966666666666668,3.283333333333333,2.22
6,21/08/16,Genclerbirligi,Gaziantepspor,69,71,70,68,70,69,0.48743378653927794,0.28012877971430605,0.23243743374641598,1,1.9233333333333331,3.346666666666667,4.033333333333333
7,21/08/16,Kayserispor,Akhisar Belediyespor,73,70,70,71,72,71,0.46289834539024083,0.2845359955968367,0.25256565901292244,2,2.0233333333333334,3.2916666666666665,3.7083333333333335
8,22/08/16,Galatasaray,Karabukspor,76,71,74,70,77,70,0.5838612850696329,0.24272884884917323,0.17340986608119385,1,1.6033333333333335,3.856666666666667,5.398333333333333
9,26/08/16,Alanyaspor,Antalyaspor,73,81,71,72,70,71,0.3088569265707797,0.28657151825114013,0.4045715551780802,1,3.0433333333333334,3.28,2.3233333333333333
10,26/08/16,Konyaspor,Besiktas,72,78,71,76,70,78,0.2836807953460395,0.28000580746412773,0.43631339718983264,X,3.301666666666667,3.345,2.1466666666666665
11,27/08/16,Akhisar Belediyespor,Galatasaray,70,76,71,74,71,77,0.3146139864260185,0.2838037323287708,0.4015822812452107,2,2.978333333333333,3.301666666666667,2.3333333333333335
12,27/08/16,Gaziantepspor,Trabzonspor,71,73,68,76,69,74,0.3100829894039189,0.28373299333924595,0.4061840172568352,1,3.015,3.295,2.3016666666666663
13,27/08/16,Kasimpasa,Adanaspor,69,71,71,67,71,69,0.546002119956846,0.25564404435763316,0.19835383568552087,X,1.7183333333333335,3.6700000000000004,4.7299999999999995
14,28/08/16,Bursaspor,Buyuksehyr,70,78,71,73,72,75,0.4434448612153038,0.2809002250562641,0.2756549137284321,2,2.108333333333334,3.328333333333333,3.391666666666667
15,28/08/16,Fenerbahce,Kayserispor,80,73,78,70,77,72,0.6754628480719583,0.2093054337414783,0.11523171818656333,X,1.3866666666666667,4.4750000000000005,8.128333333333332
16,28/08/16,Karabukspor,Rizespor,71,76,70,68,70,68,0.456777245164448,0.28721067949920237,0.2560120753363496,1,2.0466666666666664,3.2549999999999994,3.651666666666667
17,28/08/16,Osmanlispor,Genclerbirligi,74,69,74,70,72,70,0.48698228735467347,0.27500176227087436,0.23801595037445217,X,1.92,3.4000000000000004,3.9283333333333332
18,10/09/16,Adanaspor,Gaziantepspor,71,71,67,68,69,69,0.38788643556333846,0.292988815177733,0.3191247492589285,X,2.4133333333333336,3.1950000000000003,2.9333333333333336
19,10/09/16,Besiktas,Karabukspor,78,71,76,70,78,70,0.6613218887907905,0.20610105170694237,0.1325770595022672,1,1.413333333333333,4.535,7.05
20,10/09/16,Buyuksehyr,Kasimpasa,78,69,73,71,75,71,0.5267326884557564,0.27032701166302153,0.20294029988122214,1,1.78,3.4683333333333333,4.62
21,10/09/16,Genclerbirligi,Alanyaspor,69,73,70,71,70,70,0.5384264019806417,0.2595185427829132,0.20205505523644499,X,1.74,3.61,4.636666666666667
22,10/09/16,Kayserispor,Galatasaray,73,76,70,74,72,77,0.2999080141500213,0.28288661505461576,0.4172053707953629,X,3.1300000000000003,3.3183333333333334,2.25
23,11/09/16,Antalyaspor,Konyaspor,81,72,72,71,71,70,0.3481301289028493,0.29557181906848956,0.35629805202866116,2,2.69,3.1683333333333334,2.6283333333333334
24,11/09/16,Fenerbahce,Bursaspor,80,70,78,71,77,72,0.6434944081368277,0.21158639664227508,0.14491919522089713,2,1.4533333333333331,4.420000000000001,6.453333333333333
25,11/09/16,Rizespor,Akhisar Belediyespor,76,70,68,71,68,71,0.341578643732435,0.2949834457416516,0.3634379105259134,1,2.7433333333333336,3.176666666666667,2.578333333333333
26,11/09/16,Trabzonspor,Osmanlispor,73,74,76,74,74,72,0.43663621204782843,0.2833068459603973,0.2800569419917742,2,2.143333333333333,3.3033333333333332,3.3416666666666663
27,16/09/16,Bursaspor,Kayserispor,70,73,71,70,72,72,0.45930015622834713,0.2760771229272209,0.26462272084443195,1,2.0366666666666666,3.3883333333333336,3.535
28,16/09/16,Karabukspor,Antalyaspor,71,81,70,72,70,71,0.4410697459252765,0.28364040283971276,0.2752898512350107,1,2.1200000000000006,3.2966666666666664,3.396666666666667
29,17/09/16,Alanyaspor,Trabzonspor,73,73,71,76,70,74,0.31992490995275896,0.2882117576051048,0.3918633324421363,1,2.9233333333333333,3.2450000000000006,2.3866666666666667
30,17/09/16,Galatasaray,Rizespor,76,76,74,68,77,68,0.6797334041830391,0.20598736726250397,0.11427922855445688,1,1.3783333333333332,4.548333333333333,8.198333333333332
31,18/09/16,Akhisar Belediyespor,Besiktas,70,78,71,76,71,78,0.2673506648867961,0.2701811339086967,0.46246820120450716,2,3.4999999999999996,3.4633333333333334,2.0233333333333334
32,18/09/16,Gaziantepspor,Buyuksehyr,71,78,68,73,69,75,0.2020781775222821,0.27379920547444553,0.5241226170032722,2,4.638333333333334,3.4233333333333333,1.7883333333333333
33,18/09/16,Konyaspor,Genclerbirligi,72,69,71,70,70,70,0.4725353761750242,0.2852953311254585,0.24216929269951715,X,1.9833333333333332,3.2849999999999997,3.8699999999999997
34,18/09/16,Osmanlispor,Adanaspor,74,71,74,67,72,69,0.6162713870124747,0.24111518874104546,0.14261342424647983,1,1.5199999999999998,3.885,6.5683333333333325
35,19/09/16,Kasimpasa,Fenerbahce,69,80,71,78,71,77,0.204272954785967,0.2596322458567716,0.5360947993572613,2,4.588333333333334,3.61,1.7483333333333333
36,23/09/16,Antalyaspor,Akhisar Belediyespor,81,70,72,71,71,71,0.40448205670937315,0.2950764583872475,0.3004414849033793,X,2.315,3.1733333333333333,3.1166666666666667
37,24/09/16,Besiktas,Galatasaray,78,76,76,74,78,77,0.4849363070768389,0.2654894567321947,0.2495742361909663,X,1.9316666666666666,3.5283333333333338,3.753333333333334
38,24/09/16,Buyuksehyr,Osmanlispor,78,74,73,74,75,72,0.45685548044781255,0.2813533249698664,0.2617911945823209,X,2.0466666666666664,3.3233333333333337,3.5716666666666668
39,24/09/16,Trabzonspor,Konyaspor,73,72,76,71,74,70,0.41284544425905684,0.2869033235525383,0.300251232188405,1,2.266666666666667,3.2616666666666667,3.1166666666666667
40,25/09/16,Bursaspor,Kasimpasa,70,69,71,71,72,71,0.5625530094060655,0.2521528504733596,0.1852941401205749,1,1.6666666666666663,3.7183333333333333,5.06
41,25/09/16,Fenerbahce,Gaziantepspor,80,71,78,68,77,69,0.7795295667991984,0.14582144289671942,0.07464899030408217,1,1.205,6.441666666666666,12.583333333333334
42,25/09/16,Genclerbirligi,Karabukspor,69,71,70,70,70,70,0.45019303541387506,0.282558342327603,0.26724862225852186,1,2.0816666666666666,3.3166666666666664,3.5066666666666664
43,25/09/16,Kayserispor,Rizespor,73,76,70,68,72,68,0.5220852235218286,0.2704688014008126,0.20744597507735885,1,1.7933333333333337,3.4616666666666664,4.513333333333333
44,26/09/16,Adanaspor,Alanyaspor,71,73,67,71,69,70,0.3460316034251344,0.2895475569340079,0.3644208396408577,1,2.7083333333333335,3.236666666666667,2.5716666666666668
45,30/09/16,Akhisar Belediyespor,Genclerbirligi,70,69,71,70,71,70,0.3760219258213921,0.29785894177239464,0.32611913240621326,X,2.483333333333334,3.1350000000000002,2.8633333333333333
46,01/10/16,Gaziantepspor,Bursaspor,71,70,68,71,69,72,0.262527565325815,0.27167663827037386,0.4657957964038112,1,3.563333333333333,3.4433333333333334,2.0083333333333333
47,01/10/16,Karabukspor,Trabzonspor,71,73,70,76,70,74,0.3490426971906765,0.2990733062676899,0.35188399654163377,1,2.6833333333333336,3.1316666666666664,2.661666666666667
48,01/10/16,Kasimpasa,Kayserispor,69,73,71,70,71,72,0.3570385234574463,0.2810918905898714,0.36186958595268237,1,2.6216666666666666,3.33,2.5866666666666664
49,01/10/16,Rizespor,Besiktas,76,78,68,76,68,78,0.15532489235372288,0.2303202716954018,0.6143548359508755,2,6.044999999999999,4.076666666666666,1.5283333333333333
50,02/10/16,Alanyaspor,Buyuksehyr,73,78,71,73,70,75,0.2771023925938592,0.2829596147825568,0.4399379926235839,2,3.3816666666666664,3.311666666666666,2.1300000000000003
51,02/10/16,Galatasaray,Antalyaspor,76,81,74,72,77,71,0.6535363076589037,0.20992526823976027,0.13653842410133604,1,1.428333333333333,4.446666666666666,6.836666666666666
52,02/10/16,Konyaspor,Adanaspor,72,71,71,67,70,69,0.6187389057541912,0.23994610295672342,0.1413149912890854,1,1.515,3.9066666666666667,6.633333333333333
53,02/10/16,Osmanlispor,Fenerbahce,74,80,74,78,72,77,0.3144015264173953,0.28492140356528267,0.400677070017322,X,2.98,3.2883333333333336,2.3383333333333334
54,15/10/16,Adanaspor,Karabukspor,71,71,67,70,69,70,0.33103238821934194,0.2843892032599009,0.3845784085207571,2,2.8249999999999997,3.2883333333333336,2.4316666666666666
55,15/10/16,Genclerbirligi,Galatasaray,69,76,70,74,70,77,0.32326248057119655,0.2801930782196449,0.3965444412091585,2,2.8949999999999996,3.34,2.36
56,15/10/16,Kasimpasa,Gaziantepspor,69,71,71,68,71,69,0.4804356841899213,0.27353067332755604,0.2460336424825228,X,1.9459999999999997,3.418,3.8
57,15/10/16,Kayserispor,Besiktas,73,78,70,76,72,78,0.2087181919048651,0.24925857685135328,0.5420232312437817,2,4.488333333333333,3.7583333333333333,1.7283333333333335
58,16/10/16,Bursaspor,Osmanlispor,70,74,71,74,72,72,0.3311882891533476,0.285437545298746,0.3833741655479065,X,2.8283333333333336,3.2816666666666667,2.4433333333333334
59,16/10/16,Buyuksehyr,Konyaspor,78,72,73,71,75,70,0.4872763846574485,0.28896040487908314,0.22376321046346823,X,1.9233333333333336,3.2433333333333327,4.1883333333333335
60,16/10/16,Fenerbahce,Alanyaspor,80,73,78,71,77,70,0.7443637663117965,0.16551147274462297,0.09012476094358074,X,1.26,5.666666666666667,10.406666666666666
61,16/10/16,Trabzonspor,Akhisar Belediyespor,73,70,76,71,74,71,0.45672891864306026,0.2830983377893288,0.2601727435676109,X,2.0516666666666663,3.31,3.6016666666666666
62,17/10/16,Antalyaspor,Rizespor,81,76,72,68,71,68,0.45874705798272236,0.28066415803545247,0.2605887839818251,X,2.0383333333333336,3.3316666666666666,3.5883333333333334
63,21/10/16,Gaziantepspor,Kayserispor,71,73,68,70,69,72,0.38793530390609804,0.2914039685639897,0.32066072752991226,2,2.4150000000000005,3.2150000000000003,2.921666666666667
64,21/10/16,Rizespor,Genclerbirligi,76,69,68,70,68,70,0.30524191065065,0.29040595429017374,0.40435213505917633,1,3.066666666666667,3.223333333333333,2.315
65,22/10/16,Akhisar Belediyespor,Adanaspor,70,71,71,67,71,69,0.5599136361689808,0.2660450973562029,0.17404126647481635,1,1.6733333333333331,3.5216666666666665,5.383333333333333
66,22/10/16,Alanyaspor,Bursaspor,73,70,71,71,70,72,0.39976861022280846,0.27977833049938716,0.3204530592778043,2,2.3433333333333333,3.348333333333333,2.9233333333333333
67,22/10/16,Galatasaray,Trabzonspor,76,73,74,76,77,74,0.5886890108618399,0.23059803337697174,0.1807129557611884,2,1.5916666666666668,4.0633333333333335,5.185
68,23/10/16,Besiktas,Antalyaspor,78,81,76,72,78,71,0.6823337533596936,0.1959742645917778,0.12169198204852855,1,1.37,4.7700000000000005,7.6816666666666675
69,23/10/16,Karabukspor,Buyuksehyr,71,78,70,73,70,75,0.32382497965010837,0.283653045714694,0.3925219746351977,2,2.895,3.3049999999999997,2.388333333333333
70,23/10/16,Osmanlispor,Kasimpasa,74,69,74,71,72,71,0.6020189407837693,0.23525436176539752,0.16272669745083326,2,1.5533333333333335,3.9749999999999996,5.746666666666666
71,24/10/16,Konyaspor,Fenerbahce,72,80,71,78,70,77,0.2468585268895542,0.2768176771682076,0.4763237959422383,2,3.7883333333333336,3.3783333333333334,1.9633333333333336
72,28/10/16,Genclerbirligi,Besiktas,69,78,70,76,70,78,0.27364305636719877,0.2836037742936084,0.44275316933919284,X,3.4166666666666665,3.2966666666666664,2.111666666666667
73,29/10/16,Adanaspor,Galatasaray,71,76,67,74,69,77,0.1651340589607512,0.23583641445697198,0.5990295265822767,2,5.665,3.966666666666667,1.5616666666666668
74,29/10/16,Bursaspor,Konyaspor,70,72,71,71,72,70,0.4270277908902459,0.29262196197012674,0.28035024713962725,1,2.1916666666666664,3.1983333333333337,3.338333333333333
75,29/10/16,Gaziantepspor,Osmanlispor,71,74,68,74,69,72,0.2658546888639313,0.28669011995046845,0.4474551911856001,1,3.5316666666666667,3.275,2.098333333333333
76,30/10/16,Buyuksehyr,Akhisar Belediyespor,78,70,73,71,75,71,0.5952259816518518,0.25417467359286033,0.15059934475528783,1,1.5750000000000002,3.688333333333334,6.2250000000000005
77,30/10/16,Fenerbahce,Karabukspor,80,71,78,70,77,70,0.6694395100638679,0.20228190249944314,0.128278587436689,1,1.3950000000000002,4.616666666666667,7.28
78,30/10/16,Trabzonspor,Rizespor,73,76,76,68,74,68,0.5509420754348051,0.2604221569532111,0.1886357676119839,X,1.7016666666666664,3.6,4.97
79,31/10/16,Kasimpasa,Alanyaspor,69,73,71,71,71,70,0.4443221834569845,0.27756422818423976,0.27811358835877564,1,2.108333333333334,3.375,3.3683333333333336
80,31/10/16,Kayserispor,Antalyaspor,73,81,70,72,72,71,0.4594532366932856,0.2819057296494984,0.2586410336572161,2,2.035,3.3166666666666664,3.615
81,04/11/16,Galatasaray,Buyuksehyr,76,78,74,73,77,75,0.4498502893330141,0.28045529260162977,0.26969441806535616,2,2.0833333333333335,3.3416666666666663,3.475
82,05/11/16,Alanyaspor,Gaziantepspor,73,71,71,68,70,69,0.462091437513739,0.29436577975509104,0.2435427827311701,1,2.03,3.186666666666666,3.8516666666666666
83,05/11/16,Antalyaspor,Genclerbirligi,81,69,72,70,71,70,0.3589634073385663,0.30378294828166696,0.33725364437976674,1,2.6149999999999998,3.09,2.7833333333333337
84,05/11/16,Besiktas,Trabzonspor,78,73,76,76,78,74,0.6359590054565606,0.2179937118859251,0.1460472826575144,1,1.4716666666666665,4.293333333333333,6.408333333333334
85,05/11/16,Karabukspor,Bursaspor,71,70,70,71,70,72,0.40187865343328477,0.2877903400545262,0.31033100651218903,X,2.3333333333333335,3.2583333333333333,3.0216666666666665
86,06/11/16,Akhisar Belediyespor,Fenerbahce,70,80,71,78,71,77,0.1663965683533753,0.2586863087440444,0.5749171229025803,2,5.6433333333333335,3.6300000000000003,1.6333333333333335
87,06/11/16,Konyaspor,Kasimpasa,72,69,71,71,70,71,0.5064686343377937,0.2787716079713241,0.21475975769088226,1,1.8466666666666667,3.355,4.355
88,06/11/16,Osmanlispor,Kayserispor,74,73,74,70,72,72,0.5573324586749174,0.2600713820047705,0.1825961593203122,X,1.6900000000000002,3.6216666666666675,5.158333333333334
89,06/11/16,Rizespor,Adanaspor,76,71,68,67,68,69,0.5286463731081523,0.2718679703018703,0.1994856565899773,X,1.7716666666666667,3.445,4.694999999999999
90,19/11/16,Adanaspor,Besiktas,71,78,67,76,69,78,0.11949584171680239,0.207410954163075,0.6730932041201225,2,7.848333333333334,4.5216666666666665,1.3933333333333333
91,19/11/16,Bursaspor,Akhisar Belediyespor,70,70,71,71,72,71,0.5109321755375275,0.2690664406427843,0.22000138381968828,X,1.83,3.4749999999999996,4.25
92,19/11/16,Gaziantepspor,Konyaspor,71,72,68,71,69,70,0.352374810806879,0.3088359132607243,0.3387892759323968,2,2.66,3.0349999999999997,2.766666666666667
93,19/11/16,Osmanlispor,Alanyaspor,74,73,74,71,72,70,0.5694360931579525,0.24593253957675917,0.18463136726528812,1,1.6433333333333333,3.805,5.068333333333333
94,20/11/16,Fenerbahce,Galatasaray,80,76,78,74,77,77,0.5325272142231455,0.2597813052388519,0.20769148053800243,1,1.7700000000000002,3.6283333333333334,4.538333333333333
95,20/11/16,Kasimpasa,Karabukspor,69,71,71,70,71,70,0.42943613407146175,0.28361446550348685,0.28694940042505135,X,2.1783333333333332,3.298333333333334,3.26
96,20/11/16,Kayserispor,Genclerbirligi,73,69,70,70,72,70,0.380522354500073,0.301187226318435,0.3182904191814921,2,2.455,3.1016666666666666,2.935
97,21/11/16,Buyuksehyr,Rizespor,78,76,73,68,75,68,0.6498406497378432,0.2166135499126144,0.1335458003495425,1,1.4433333333333331,4.329999999999999,7.023333333333333
98,21/11/16,Trabzonspor,Antalyaspor,73,81,76,72,74,71,0.5283657742267914,0.26111812044154653,0.21051610533166212,2,1.7749999999999997,3.591666666666667,4.454999999999999
99,25/11/16,Alanyaspor,Kayserispor,73,73,71,70,70,72,0.43962738974151677,0.2745252697799105,0.28584734047857274,1,2.1283333333333334,3.408333333333333,3.2733333333333334
100,25/11/16,Galatasaray,Bursaspor,76,70,74,71,77,72,0.5533934701166812,0.24856223060943775,0.19804429927388098,1,1.6933333333333334,3.77,4.7316666666666665
101,26/11/16,Akhisar Belediyespor,Kasimpasa,70,69,71,71,71,71,0.41954778317195507,0.2965158383177319,0.28393637851031295,1,2.233333333333333,3.16,3.3000000000000003
102,26/11/16,Antalyaspor,Adanaspor,81,71,72,67,71,69,0.581490744071339,0.250356878680759,0.1681523772479021,1,1.6116666666666664,3.7433333333333336,5.573333333333333
103,26/11/16,Besiktas,Buyuksehyr,78,78,76,73,78,75,0.54379049895771,0.2522387002349863,0.2039708008073037,X,1.7216666666666665,3.7116666666666664,4.59
104,26/11/16,Karabukspor,Gaziantepspor,71,71,70,68,70,69,0.4706887522052638,0.2919741166023277,0.23733713119240865,1,1.985,3.1999999999999997,3.936666666666666
105,27/11/16,Genclerbirligi,Trabzonspor,69,73,70,76,70,74,0.46291584390616763,0.2854138316414868,0.25167032445234544,X,2.0233333333333334,3.2816666666666667,3.7216666666666676
106,27/11/16,Rizespor,Fenerbahce,76,80,68,78,68,77,0.1549516635319303,0.23843261059360552,0.6066157258744642,2,6.055,3.9350000000000005,1.5466666666666666
107,28/11/16,Konyaspor,Osmanlispor,72,74,71,74,70,72,0.36035750270552674,0.3158189349554055,0.32382356233906784,X,2.6,2.966666666666667,2.893333333333333
108,03/12/16,Buyuksehyr,Antalyaspor,78,81,73,72,75,71,0.6159693562177043,0.22957255940766094,0.15445808437463468,X,1.5200000000000002,4.078333333333334,6.061666666666667
109,03/12/16,Fenerbahce,Besiktas,80,78,78,76,77,78,0.49012523906105565,0.2728166993327804,0.23705806160616386,X,1.925,3.4583333333333335,3.98
110,04/12/16,Adanaspor,Genclerbirligi,71,69,67,70,69,70,0.21369911360273663,0.271035532811178,0.5152653535860855,2,4.388333333333333,3.4599999999999995,1.8200000000000003
111,04/12/16,Alanyaspor,Konyaspor,73,72,71,71,70,70,0.3612209138264595,0.2915969863946238,0.3471820997789167,2,2.596666666666667,3.216666666666667,2.7016666666666667
112,04/12/16,Gaziantepspor,Akhisar Belediyespor,71,70,68,71,69,71,0.3758481014703599,0.3051601387547963,0.31899175977484373,2,2.4966666666666666,3.0749999999999997,2.9416666666666664
113,04/12/16,Kasimpasa,Galatasaray,69,76,71,74,71,77,0.24648297888519935,0.2609819776431522,0.49253504347164834,2,3.81,3.598333333333334,1.9066666666666665
114,04/12/16,Osmanlispor,Karabukspor,74,71,74,70,72,70,0.5382981107326343,0.25828432285611724,0.2034175664112484,1,1.7433333333333332,3.6333333333333333,4.613333333333333
115,05/12/16,Bursaspor,Rizespor,70,76,71,68,72,68,0.5547456736457913,0.2529500713164771,0.19230425503773158,1,1.6916666666666667,3.7100000000000004,4.88
116,05/12/16,Kayserispor,Trabzonspor,73,73,70,76,72,74,0.40101977177778997,0.287790659746414,0.3111895684757961,2,2.3383333333333334,3.2583333333333333,3.013333333333333
117,09/12/16,Trabzonspor,Adanaspor,73,71,76,67,74,69,0.6505102666307052,0.21608731975251919,0.1334024136167757,1,1.4416666666666667,4.34,7.03
118,10/12/16,Besiktas,Bursaspor,78,70,76,71,78,72,0.6200790770540506,0.22762079875723523,0.1523001241887142,1,1.5166666666666666,4.131666666666667,6.175
119,10/12/16,Genclerbirligi,Buyuksehyr,69,78,70,73,70,75,0.3217665600566286,0.30125760416657044,0.3769758357768009,X,2.9133333333333336,3.111666666666667,2.486666666666667
120,10/12/16,Rizespor,Kasimpasa,76,69,68,71,68,71,0.39788212139549034,0.2891644590521925,0.31295341955231726,2,2.358333333333333,3.2449999999999997,2.9983333333333335
121,11/12/16,Akhisar Belediyespor,Osmanlispor,70,74,71,74,71,72,0.31369680115153914,0.2990365151710105,0.3872666836774503,2,2.9916666666666667,3.138333333333333,2.4233333333333333
122,11/12/16,Galatasaray,Gaziantepspor,76,71,74,68,77,69,0.7081913002821508,0.1865388070895407,0.10526989262830852,1,1.3266666666666667,5.036666666666667,8.924999999999999
123,11/12/16,Karabukspor,Alanyaspor,71,73,70,71,70,70,0.48977489447881634,0.2675514492383092,0.24267365628287446,2,1.918333333333333,3.5116666666666663,3.8716666666666675
124,11/12/16,Konyaspor,Kayserispor,72,73,71,70,70,72,0.49588018194610656,0.2863462503162637,0.21777356773762968,1,1.8950000000000002,3.2816666666666667,4.315
125,12/12/16,Antalyaspor,Fenerbahce,81,80,72,78,71,77,0.19177220527819155,0.2556383452326414,0.5525894494891671,1,4.903333333333333,3.6783333333333332,1.7016666666666664
126,17/12/16,Buyuksehyr,Trabzonspor,78,73,73,76,75,74,0.5383574382995778,0.2540017503208653,0.20764081137955692,1,1.7433333333333334,3.6950000000000003,4.5200000000000005
127,17/12/16,Kasimpasa,Besiktas,69,78,71,76,71,78,0.1562236343247717,0.23190046456987237,0.6118759011053558,1,6.031666666666666,4.0633333333333335,1.54
128,18/12/16,Adanaspor,Kayserispor,71,73,67,70,69,72,0.31078617831851235,0.28674572075901417,0.4024681009224734,1,3.021666666666667,3.275,2.3333333333333335
129,18/12/16,Alanyaspor,Akhisar Belediyespor,73,70,71,71,70,71,0.4213021118829989,0.29254658080856877,0.2861513073084323,X,2.2266666666666666,3.206666666666667,3.2783333333333338
130,18/12/16,Gaziantepspor,Rizespor,71,76,68,68,69,68,0.36836759920005313,0.29194278608800894,0.3396896147119379,2,2.5466666666666664,3.213333333333333,2.7616666666666667
131,18/12/16,Karabukspor,Konyaspor,71,72,70,71,70,70,0.40760911088116497,0.2975201808281653,0.29487070829066986,X,2.3016666666666663,3.1533333333333338,3.1816666666666666
132,18/12/16,Osmanlispor,Galatasaray,74,76,74,74,72,77,0.3674140191239975,0.28533216378778525,0.3472538170882172,X,2.555,3.2900000000000005,2.703333333333333
133,19/12/16,Bursaspor,Antalyaspor,70,81,71,72,72,71,0.47161972690945425,0.27056436565376746,0.25781590743677846,1,1.9916666666666665,3.471666666666667,3.643333333333333
134,19/12/16,Fenerbahce,Genclerbirligi,80,69,78,70,77,70,0.656024759515931,0.22247345772766866,0.12150178275640032,1,1.4316666666666664,4.221666666666667,7.73
135,24/12/16,Adanaspor,Buyuksehyr,71,78,67,73,69,75,0.1545475451158782,0.2392401250646814,0.6062123298194405,X,6.073333333333333,3.923333333333334,1.5483333333333331
136,24/12/16,Besiktas,Gaziantepspor,78,71,76,68,78,69,0.7717085303060881,0.15164487517573935,0.0766465945181726,1,1.2183333333333333,6.2,12.266666666666666
137,25/12/16,Akhisar Belediyespor,Konyaspor,70,72,71,71,71,70,0.3665536026598825,0.31351857945923184,0.3199278178808856,1,2.561666666666667,2.9949999999999997,2.935
138,25/12/16,Antalyaspor,Kasimpasa,81,69,72,71,71,71,0.47271367674646597,0.2735675359596895,0.25371878729384456,1,1.985,3.4299999999999997,3.698333333333333
139,25/12/16,Galatasaray,Alanyaspor,76,73,74,71,77,70,0.6485116199260604,0.2062043899435589,0.14528399013038065,1,1.4483333333333333,4.555,6.465
140,25/12/16,Kayserispor,Karabukspor,73,71,70,70,72,70,0.3820044285296747,0.2954675050242634,0.32252806644606197,1,2.4583333333333335,3.1783333333333332,2.9116666666666666
141,25/12/16,Rizespor,Osmanlispor,76,74,68,74,68,72,0.2684241716707415,0.2822757196076585,0.4493001087216,2,3.498333333333333,3.3266666666666667,2.09
142,26/12/16,Genclerbirligi,Bursaspor,69,70,70,71,70,72,0.4448089285766284,0.28463278409423654,0.27055828732913506,1,2.111666666666667,3.2999999999999994,3.4716666666666662
143,26/12/16,Trabzonspor,Fenerbahce,73,80,76,78,74,77,0.23573298847838672,0.26653900401817593,0.4977280075034373,2,3.98,3.5199999999999996,1.885
144,13/01/17,Bursaspor,Trabzonspor,70,73,71,76,72,74,0.40473794696308557,0.2842341048194163,0.311027948217498,2,2.3233333333333333,3.308333333333333,3.023333333333333
145,14/01/17,Alanyaspor,Rizespor,73,76,71,68,70,68,0.43315062676344934,0.28028661761696577,0.28656275561958483,2,2.1666666666666665,3.348333333333333,3.275
146,14/01/17,Buyuksehyr,Kayserispor,78,73,73,70,75,72,0.6617193017231877,0.21835199266775981,0.1199287056090525,1,1.42,4.303333333333334,7.835
147,14/01/17,Karabukspor,Akhisar Belediyespor,71,70,70,71,70,71,0.4143361572439349,0.2957990413919954,0.2898648013640696,1,2.266666666666666,3.1750000000000003,3.24
148,14/01/17,Konyaspor,Galatasaray,72,76,71,74,70,77,0.34678235543374275,0.2954542139129534,0.35776343065330396,2,2.715,3.186666666666667,2.6316666666666664
149,15/01/17,Fenerbahce,Adanaspor,80,71,78,67,77,69,0.8095025468929408,0.130432312495677,0.06006514061138224,X,1.1633333333333333,7.22,15.678333333333333
150,15/01/17,Gaziantepspor,Antalyaspor,71,81,68,72,69,71,0.3109421403247787,0.28775646489708834,0.4013013947781331,2,3.02,3.263333333333333,2.3400000000000003
151,15/01/17,Kasimpasa,Genclerbirligi,69,69,71,70,71,70,0.3671343784089858,0.295207580334098,0.33765804125691623,1,2.558333333333333,3.1816666666666666,2.7816666666666667
152,16/01/17,Osmanlispor,Besiktas,74,78,74,76,72,78,0.31455133323319917,0.284541135362894,0.4009075314039068,2,2.986666666666667,3.3016666666666663,2.3433333333333333
153,21/01/17,Akhisar Belediyespor,Kayserispor,70,73,71,70,71,72,0.47943803525595513,0.2851432882750172,0.23541867646902756,X,1.9616666666666667,3.2983333333333333,3.9950000000000006
154,21/01/17,Bursaspor,Adanaspor,70,71,71,67,72,69,0.5993671483369342,0.227146390086611,0.17348646157645498,2,1.5683333333333334,4.138333333333333,5.418333333333333
155,21/01/17,Karabukspor,Galatasaray,71,76,70,74,70,77,0.2657429182776973,0.2726921277629252,0.46156495395937747,1,3.5316666666666663,3.4416666666666664,2.033333333333333
156,21/01/17,Konyaspor,Rizespor,72,76,71,68,70,68,0.49256550139527755,0.27912859102369975,0.22830590758102284,1,1.905,3.3616666666666664,4.109999999999999
157,22/01/17,Fenerbahce,Buyuksehyr,80,78,78,73,77,75,0.48363860980498447,0.27962232279047483,0.23673906740454068,1,1.9416666666666664,3.358333333333334,3.966666666666667
158,22/01/17,Kasimpasa,Trabzonspor,69,73,71,76,71,74,0.3398014831407256,0.286777896276339,0.37342062058293546,2,2.758333333333333,3.268333333333333,2.51
159,22/01/17,Osmanlispor,Antalyaspor,74,81,74,72,72,71,0.5418339626509935,0.26270737583078474,0.19545866151822175,2,1.7333333333333334,3.5749999999999997,4.805
160,23/01/17,Alanyaspor,Besiktas,73,78,71,76,70,78,0.1446047026139078,0.21822062582322999,0.6371746715628623,2,6.506666666666667,4.3116666666666665,1.4766666666666666
161,28/01/17,Antalyaspor,Alanyaspor,81,73,72,71,71,70,0.5653114599985404,0.2435676428775042,0.19112089712395552,1,1.6616666666666668,3.856666666666667,4.915
162,28/01/17,Galatasaray,Akhisar Belediyespor,76,70,74,71,77,71,0.6509385430270943,0.21756639865472818,0.13149505831817762,1,1.4416666666666667,4.3133333333333335,7.136666666666667
163,28/01/17,Rizespor,Karabukspor,76,71,68,70,68,70,0.4000411507450481,0.28476134491861865,0.3151975043363333,1,2.3466666666666662,3.296666666666667,2.9783333333333335
164,29/01/17,Buyuksehyr,Bursaspor,78,70,73,71,75,72,0.6332680759889274,0.22653078280954392,0.14020114120152866,1,1.4833333333333332,4.1466666666666665,6.7
165,29/01/17,Genclerbirligi,Osmanlispor,69,74,70,74,70,72,0.3726240488681212,0.3002466989278886,0.3271292522039902,X,2.516666666666667,3.123333333333333,2.8666666666666667
166,29/01/17,Kayserispor,Fenerbahce,73,80,70,78,72,77,0.15565855567778966,0.24508087054669414,0.5992605737755161,1,6.025000000000001,3.8266666666666667,1.5650000000000002
167,29/01/17,Trabzonspor,Gaziantepspor,73,71,76,68,74,69,0.6425392782369795,0.22133873682091784,0.13612198494210256,1,1.46,4.238333333333333,6.891666666666667
168,30/01/17,Adanaspor,Kasimpasa,71,69,67,71,69,71,0.36588874828673357,0.286065226336812,0.3480460253764545,1,2.5683333333333334,3.285,2.7000000000000006
169,30/01/17,Besiktas,Konyaspor,78,72,76,71,78,70,0.6755433182383089,0.20435369148014138,0.12010299028154972,1,1.3900000000000003,4.595,7.818333333333334
170,10/02/17,Karabukspor,Besiktas,71,78,70,76,70,78,0.19389988626760896,0.25513605333988965,0.5509640603925013,1,4.84,3.6783333333333332,1.7033333333333331
171,11/02/17,Alanyaspor,Genclerbirligi,73,69,71,70,70,70,0.3386742396295807,0.2915192859751515,0.3698064743952677,1,2.7716666666666665,3.22,2.5383333333333336
172,11/02/17,Bursaspor,Fenerbahce,70,80,71,78,72,77,0.22353622782900656,0.26249361329408044,0.513970158876913,X,4.2,3.5766666666666667,1.8266666666666664
173,11/02/17,Osmanlispor,Trabzonspor,74,73,74,76,72,74,0.4463287551057088,0.28540596358433,0.26826528130996125,2,2.1016666666666666,3.2866666666666666,3.4966666666666666
174,12/02/17,Akhisar Belediyespor,Rizespor,70,76,71,68,71,68,0.4456952816210608,0.2859519295403044,0.2683527888386349,1,2.103333333333333,3.278333333333333,3.4933333333333327
175,12/02/17,Galatasaray,Kayserispor,76,73,74,70,77,72,0.6265553933821456,0.21814307699958646,0.15530152961826799,2,1.5,4.308333333333334,6.051666666666667
176,12/02/17,Kasimpasa,Buyuksehyr,69,78,71,73,71,75,0.21722878102834808,0.26294515071746843,0.5198260682541834,1,4.323333333333333,3.5716666666666668,1.8066666666666669
177,12/02/17,Konyaspor,Antalyaspor,72,81,71,72,70,71,0.38464083574545965,0.2907630672688846,0.3245960969856557,X,2.4416666666666664,3.23,2.893333333333333
178,13/02/17,Gaziantepspor,Adanaspor,71,71,68,67,69,69,0.389741929848079,0.29235695826343716,0.3179011118884838,1,2.4116666666666666,3.2150000000000003,2.9566666666666666
179,17/02/17,Kayserispor,Bursaspor,73,70,70,71,72,72,0.4321824690838694,0.2881952591489268,0.2796222717672036,1,2.1750000000000003,3.2616666666666667,3.361666666666667
180,18/02/17,Antalyaspor,Karabukspor,81,71,72,70,71,70,0.46652925222489866,0.27784408799171745,0.25562665978338384,1,2.0100000000000002,3.375,3.668333333333333
181,18/02/17,Buyuksehyr,Gaziantepspor,78,71,73,68,75,69,0.7178661245096778,0.18511161205410104,0.09702226343622125,X,1.3116666666666668,5.086666666666667,9.705
182,18/02/17,Rizespor,Galatasaray,76,76,68,74,68,77,0.2301309908622727,0.26461280677822624,0.505256202359501,X,4.08,3.5483333333333333,1.8583333333333334
183,19/02/17,Adanaspor,Osmanlispor,71,74,67,74,69,72,0.278870027383142,0.28814192087669915,0.432988051740159,2,3.3666666666666667,3.2583333333333333,2.1683333333333334
184,19/02/17,Besiktas,Akhisar Belediyespor,78,70,76,71,78,71,0.6931813851198371,0.20101519326239664,0.10580342161776625,1,1.3566666666666667,4.678333333333334,8.888333333333334
185,19/02/17,Fenerbahce,Kasimpasa,80,69,78,71,77,71,0.6730335355118127,0.2095882953396132,0.11737816914857421,X,1.3966666666666667,4.484999999999999,8.008333333333333
186,19/02/17,Genclerbirligi,Konyaspor,69,72,70,71,70,70,0.44433235711196284,0.29591041429515164,0.25975722859288564,1,2.1133333333333333,3.173333333333334,3.6149999999999998
187,20/02/17,Trabzonspor,Alanyaspor,73,73,76,71,74,70,0.582766717006346,0.24227661880702353,0.17495666418663047,X,1.611666666666667,3.876666666666667,5.368333333333333
188,24/02/17,Kasimpasa,Bursaspor,69,70,71,71,71,72,0.4787240661720741,0.2775656285145474,0.2437103053133785,1,1.9616666666666667,3.3833333333333333,3.8533333333333335
189,24/02/17,Rizespor,Kayserispor,76,73,68,70,68,72,0.4240352140701323,0.2996365544516797,0.27632823147818797,2,2.22,3.141666666666667,3.4066666666666667
190,25/02/17,Akhisar Belediyespor,Antalyaspor,70,81,71,72,71,71,0.37232823449042285,0.29960632812640725,0.32806543738316984,1,2.52,3.1316666666666673,2.86
191,25/02/17,Alanyaspor,Adanaspor,73,71,71,67,70,69,0.4643968820750593,0.26875640169706433,0.2668467162278763,1,2.0216666666666665,3.4933333333333336,3.518333333333333
192,25/02/17,Konyaspor,Trabzonspor,72,73,71,76,70,74,0.32311450753809207,0.30493057421343756,0.3719549182484704,X,2.9066666666666667,3.08,2.525
193,26/02/17,Gaziantepspor,Fenerbahce,71,80,68,78,69,77,0.19126272280780718,0.2579680078933898,0.5507692692988029,X,4.905,3.6366666666666667,1.7033333333333334
194,26/02/17,Karabukspor,Genclerbirligi,71,69,70,70,70,70,0.39216052459462536,0.29520342487896306,0.3126360505264116,1,2.385,3.1683333333333334,2.9916666666666667
195,26/02/17,Osmanlispor,Buyuksehyr,74,78,74,73,72,75,0.3631411342546387,0.2982188200669393,0.3386400456784221,2,2.5799999999999996,3.141666666666667,2.766666666666666
196,27/02/17,Galatasaray,Besiktas,76,78,74,76,77,78,0.32858229345331197,0.2851814945710678,0.3862362119756203,2,2.858333333333333,3.2933333333333334,2.4316666666666666
197,03/03/17,Trabzonspor,Karabukspor,73,71,76,70,74,70,0.5105999224943717,0.27023121497305186,0.21916886253257636,1,1.8399999999999999,3.476666666666667,4.286666666666666
198,04/03/17,Besiktas,Rizespor,78,76,76,68,78,68,0.7029735212915845,0.19003772884055323,0.1069887498678623,1,1.3350000000000002,4.9383333333333335,8.771666666666667
199,04/03/17,Bursaspor,Gaziantepspor,70,71,71,68,72,69,0.48203826616349993,0.27327969599666896,0.24468203783983122,1,1.9483333333333333,3.436666666666667,3.8383333333333334
200,05/03/17,Adanaspor,Konyaspor,71,72,67,71,69,70,0.33106146754666144,0.3007082839549632,0.3682302484983754,2,2.84,3.126666666666667,2.5533333333333332
201,05/03/17,Buyuksehyr,Alanyaspor,78,73,73,71,75,70,0.6325971401809639,0.2192314476473119,0.1481714121717242,1,1.485,4.285,6.34
202,05/03/17,Fenerbahce,Osmanlispor,80,74,78,74,77,72,0.5214062112086417,0.2648606598212753,0.2137331289700829,1,1.805,3.5533333333333332,4.403333333333333
203,05/03/17,Kayserispor,Kasimpasa,73,69,70,71,72,71,0.4302276299505699,0.28762408968605524,0.2821482803633748,X,2.181666666666667,3.263333333333333,3.3266666666666667
204,06/03/17,Antalyaspor,Galatasaray,81,76,72,74,71,77,0.3182585505473879,0.28034040818406497,0.4014010412685471,2,2.945,3.3433333333333337,2.3349999999999995
205,06/03/17,Genclerbirligi,Akhisar Belediyespor,69,70,70,71,70,71,0.42519136122296153,0.30655486152478373,0.26825377725225474,1,2.205,3.0583333333333336,3.4949999999999997
206,10/03/17,Alanyaspor,Fenerbahce,73,80,71,78,70,77,0.23685189878241367,0.26160418732214563,0.5015439138954406,2,3.9633333333333334,3.5883333333333334,1.8716666666666664
207,11/03/17,Galatasaray,Genclerbirligi,76,69,74,70,77,70,0.5736552413653212,0.249183871967349,0.17716088666732976,1,1.6383333333333334,3.7716666666666665,5.305000000000001
208,11/03/17,Gaziantepspor,Kasimpasa,71,69,68,71,69,71,0.3929128474251415,0.2865388814149203,0.3205482711599381,2,2.3920000000000003,3.2800000000000002,2.932
209,11/03/17,Karabukspor,Adanaspor,71,71,70,67,70,69,0.5764103244573823,0.2525495883397464,0.17104008720287117,1,1.6350000000000005,3.731666666666667,5.510000000000001
210,11/03/17,Osmanlispor,Bursaspor,74,70,74,71,72,72,0.5867531502350831,0.2489491290842891,0.16429772068062787,X,1.6016666666666666,3.775,5.72
211,12/03/17,Besiktas,Kayserispor,78,73,76,70,78,72,0.6928249126826826,0.19753294561037163,0.1096421417069457,X,1.3533333333333335,4.746666666666667,8.551666666666668
212,12/03/17,Konyaspor,Buyuksehyr,72,78,71,73,70,75,0.28385774614885934,0.29907517309208376,0.4170670807590569,2,3.3083333333333336,3.14,2.2516666666666665
213,12/03/17,Rizespor,Antalyaspor,76,81,68,72,68,71,0.38372229394335766,0.2858002503243945,0.3304774557322478,2,2.4516666666666667,3.2916666666666665,2.8466666666666662
214,13/03/17,Akhisar Belediyespor,Trabzonspor,70,73,71,76,71,74,0.3170764934268784,0.3024317144608678,0.380491792112254,2,2.9599999999999995,3.1033333333333335,2.466666666666667
215,17/03/17,Fenerbahce,Konyaspor,80,72,78,71,77,70,0.6510968361467819,0.22820047133993773,0.1207026925132804,2,1.4416666666666667,4.113333333333333,7.776666666666666
216,18/03/17,Adanaspor,Akhisar Belediyespor,71,70,67,71,69,71,0.3359889611735276,0.29713912880974586,0.3668719100167266,1,2.7916666666666665,3.1566666666666667,2.556666666666667
217,18/03/17,Kasimpasa,Osmanlispor,69,74,71,74,71,72,0.35349944120710697,0.281317079023529,0.36518347976936394,1,2.6566666666666667,3.3383333333333334,2.5716666666666668
218,18/03/17,Kayserispor,Gaziantepspor,73,71,70,68,72,69,0.5172708354670289,0.26620642618463713,0.2165227383483339,2,1.8166666666666667,3.53,4.34
219,18/03/17,Trabzonspor,Galatasaray,73,76,76,74,74,77,0.41580360310903725,0.28030541403619175,0.30389098285477106,1,2.2583333333333333,3.35,3.09
220,19/03/17,Antalyaspor,Besiktas,81,78,72,76,71,78,0.23484914355273454,0.2573689244413529,0.5077819320059126,X,4.0,3.6500000000000004,1.8499999999999999
221,19/03/17,Bursaspor,Alanyaspor,70,73,71,71,72,70,0.4489178566055102,0.2626892170710731,0.2883929263234168,2,2.09,3.5716666666666668,3.253333333333334
222,19/03/17,Buyuksehyr,Karabukspor,78,71,73,70,75,70,0.5778025910295292,0.24952890656850468,0.17266850240196593,X,1.626666666666667,3.766666666666667,5.4433333333333325
223,19/03/17,Genclerbirligi,Rizespor,69,76,70,68,70,68,0.5025446880503669,0.2811140695132042,0.21634124243642902,1,1.8683333333333334,3.3400000000000003,4.340000000000001
224,01/04/17,Akhisar Belediyespor,Buyuksehyr,70,78,71,73,71,75,0.25248856774715134,0.2891317803996867,0.45837965185316193,1,3.721666666666667,3.25,2.0499999999999994
225,01/04/17,Alanyaspor,Kasimpasa,73,69,71,71,70,71,0.44786911339974617,0.26693763657822706,0.2851932500220267,1,2.095,3.5150000000000006,3.2900000000000005
226,01/04/17,Antalyaspor,Kayserispor,81,73,72,70,71,72,0.4388908519636645,0.27621898488827584,0.2848901631480597,1,2.1366666666666667,3.395,3.2916666666666665
227,01/04/17,Karabukspor,Fenerbahce,71,80,70,78,70,77,0.2783749588207578,0.2852884778183336,0.43633656336090865,2,3.3699999999999997,3.2883333333333336,2.15
228,02/04/17,Besiktas,Genclerbirligi,78,69,76,70,78,70,0.6541219678740063,0.21276281859744522,0.13311521352854835,1,1.433333333333333,4.406666666666667,7.043333333333333
229,02/04/17,Konyaspor,Bursaspor,72,70,71,71,70,72,0.5163599757753394,0.27751169141423415,0.2061283328104264,1,1.8183333333333334,3.3833333333333333,4.555
230,02/04/17,Osmanlispor,Gaziantepspor,74,71,74,68,72,69,0.577511894099712,0.248414106937558,0.17407399896272982,2,1.626666666666667,3.7816666666666667,5.396666666666666
231,02/04/17,Rizespor,Trabzonspor,76,73,68,76,68,74,0.3157150637615805,0.28075808413311626,0.40352685210530337,2,2.971666666666667,3.341666666666667,2.3249999999999997
232,03/04/17,Galatasaray,Adanaspor,76,71,74,67,77,69,0.6906686371501392,0.19150037645753093,0.11783098639232983,1,1.36,4.905,7.971666666666667
233,07/04/17,Bursaspor,Karabukspor,70,71,71,70,72,70,0.42514430327854796,0.28992084500467113,0.28493485171678096,1,2.2083333333333335,3.2383333333333333,3.2950000000000004
234,08/04/17,Gaziantepspor,Alanyaspor,71,73,68,71,69,70,0.4024732501883409,0.2839199514168507,0.31360679839480843,2,2.3349999999999995,3.31,2.9966666666666666
235,08/04/17,Genclerbirligi,Antalyaspor,69,81,70,72,70,71,0.4453001066331673,0.2853445127740692,0.26935538059276354,X,2.105,3.2849999999999997,3.48
236,08/04/17,Trabzonspor,Besiktas,73,78,76,76,74,78,0.32159723031706217,0.28246875885565986,0.3959340108272781,2,2.9116666666666666,3.315000000000001,2.3649999999999998
237,09/04/17,Adanaspor,Rizespor,71,76,67,68,69,68,0.3802028347923289,0.2850558234511888,0.33474134175648235,2,2.466666666666667,3.2900000000000005,2.8016666666666663
238,09/04/17,Fenerbahce,Akhisar Belediyespor,80,70,78,71,77,71,0.684673735705852,0.2073165873752451,0.10800967691890287,1,1.3716666666666668,4.53,8.695
239,09/04/17,Kayserispor,Osmanlispor,73,74,70,74,72,72,0.38086543279959406,0.28744928167858985,0.3316852855218162,2,2.4616666666666664,3.2616666666666667,2.8266666666666667
240,10/04/17,Buyuksehyr,Galatasaray,78,76,73,74,75,77,0.4167330159400744,0.28116926376679713,0.30209772029312837,1,2.2399999999999998,3.3200000000000003,3.09
241,10/04/17,Kasimpasa,Konyaspor,69,72,71,71,71,70,0.438422702683448,0.29077441756106975,0.27080287975548234,X,2.1433333333333335,3.231666666666667,3.47
242,12/04/17,Gaziantepspor,Genclerbirligi,71,69,68,70,69,70,0.31907039949223803,0.2917120904448664,0.3892175100628955,2,2.9499999999999997,3.2266666666666666,2.418333333333333
243,21/04/17,Karabukspor,Kasimpasa,71,69,70,71,70,71,0.4295042022258579,0.2788159092744667,0.29167988849967535,X,2.183333333333333,3.3633333333333333,3.215
244,21/04/17,Konyaspor,Gaziantepspor,72,71,71,68,70,69,0.49813465321518696,0.27090270880536904,0.23096263797944402,2,1.8816666666666666,3.4599999999999995,4.058333333333333
245,22/04/17,Alanyaspor,Osmanlispor,73,74,71,74,70,72,0.39553858312567225,0.2720878048901151,0.3323736119842125,2,2.3766666666666665,3.455,2.828333333333333
246,22/04/17,Antalyaspor,Trabzonspor,81,73,72,76,71,74,0.324903930803981,0.28349300158815877,0.3916030676078602,2,2.8866666666666667,3.308333333333333,2.395
247,22/04/17,Genclerbirligi,Kayserispor,69,73,70,70,70,72,0.4428864787473239,0.2837241504475044,0.2733893708051718,1,2.118333333333333,3.3066666666666666,3.4316666666666666
248,22/04/17,Rizespor,Buyuksehyr,76,78,68,73,68,75,0.25848393312684786,0.2782398550374305,0.46327621183572165,X,3.638333333333333,3.3799999999999994,2.03
249,23/04/17,Akhisar Belediyespor,Bursaspor,70,70,71,71,71,72,0.4567428579583807,0.2833136261067806,0.25994351593483883,1,2.058333333333333,3.318333333333333,3.6166666666666667
250,23/04/17,Galatasaray,Fenerbahce,76,80,74,78,77,77,0.36085516507395116,0.2881332081430175,0.35101162678303127,2,2.615,3.275,2.688333333333333
251,24/04/17,Besiktas,Adanaspor,78,71,76,67,78,69,0.7888554866363606,0.14044613370144368,0.07069837966219576,1,1.1916666666666667,6.6933333333333325,13.296666666666667
252,28/04/17,Gaziantepspor,Karabukspor,71,71,68,70,69,70,0.46928037447252424,0.27164583201702447,0.2590737935104514,X,2.004,3.4619999999999997,3.63
253,29/04/17,Kayserispor,Alanyaspor,73,73,70,71,72,70,0.48190393809395776,0.264681059977323,0.2534150019287193,1,1.9520000000000004,3.554,3.7119999999999997
254,29/04/17,Trabzonspor,Genclerbirligi,73,69,76,70,74,70,0.581085189777173,0.24855311452618098,0.17036169569664583,X,1.616,3.778,5.512
255,30/04/17,Adanaspor,Antalyaspor,71,81,67,72,69,71,0.3076001743132621,0.27292415855005664,0.41947566713668144,2,3.043333333333333,3.4299999999999997,2.231666666666667
256,30/04/17,Buyuksehyr,Besiktas,78,78,73,76,75,78,0.2721586956317114,0.27084518841341165,0.456996115954877,1,3.436666666666666,3.453333333333333,2.0466666666666664
257,30/04/17,Fenerbahce,Rizespor,80,76,78,68,77,68,0.700715164901728,0.18779166419366305,0.111493170904609,1,1.3399999999999999,5.000000000000001,8.421666666666667
258,30/04/17,Kasimpasa,Akhisar Belediyespor,69,70,71,71,71,71,0.47795271649638793,0.26948106797306365,0.2525662155305483,2,1.97,3.4939999999999998,3.728
259,01/05/17,Bursaspor,Galatasaray,70,76,71,74,72,77,0.2731167822418857,0.26487563464005603,0.46200758311805823,2,3.4283333333333332,3.535,2.026666666666667
260,01/05/17,Osmanlispor,Konyaspor,74,72,74,71,72,70,0.5605038412949086,0.25672712438872636,0.18276903431636513,X,1.6733333333333336,3.6533333333333338,5.131666666666667
261,05/05/17,Antalyaspor,Buyuksehyr,81,78,72,73,71,75,0.30014652682483656,0.2708110694606374,0.42904240371452607,2,3.123333333333333,3.4616666666666664,2.185
262,06/05/17,Galatasaray,Kasimpasa,76,69,74,71,77,71,0.6536031306671758,0.20726352963634623,0.13913333969647798,2,1.433333333333333,4.5200000000000005,6.733333333333333
263,06/05/17,Genclerbirligi,Adanaspor,69,71,70,67,70,69,0.622057979920473,0.2242591118658139,0.1536829082137131,2,1.5033333333333332,4.170000000000001,6.085
264,06/05/17,Konyaspor,Alanyaspor,72,73,71,71,70,70,0.45933800368994954,0.2723488794318867,0.2683131168781637,2,2.036666666666667,3.435,3.4866666666666664
265,06/05/17,Trabzonspor,Kayserispor,73,73,76,70,74,72,0.5835532702182712,0.24390703091154298,0.17253969887018578,2,1.6049999999999998,3.8400000000000003,5.428333333333334
266,07/05/17,Besiktas,Fenerbahce,78,80,76,78,78,77,0.5046810429119956,0.26714195223203546,0.2281770048559689,X,1.865,3.5233333333333334,4.125
267,07/05/17,Rizespor,Bursaspor,76,70,68,71,68,72,0.5072957692240369,0.2649051561670372,0.22779907460892598,1,1.8433333333333335,3.53,4.105
268,08/05/17,Akhisar Belediyespor,Gaziantepspor,70,71,71,68,71,69,0.4691522908435333,0.27342532734931524,0.2574223818071514,1,2.0,3.4316666666666666,3.645
269,08/05/17,Karabukspor,Osmanlispor,71,74,70,74,70,72,0.3473589826326629,0.28479559408137156,0.3678454232859655,1,2.6933333333333334,3.2849999999999997,2.543333333333333
270,12/05/17,Kasimpasa,Rizespor,69,76,71,68,71,68,0.30852856707212,0.2600984134227567,0.43137301950512336,1,3.043333333333333,3.6100000000000008,2.1766666666666663
271,12/05/17,Kayserispor,Konyaspor,73,72,70,71,72,70,0.633152444093851,0.22152851471841592,0.14531904118773314,1,1.4799999999999998,4.2299999999999995,6.448333333333333
272,13/05/17,Adanaspor,Trabzonspor,71,73,67,76,69,74,0.18488780588371687,0.23018038697217771,0.5849318071441053,X,5.0566666666666675,4.0616666666666665,1.5983333333333336
273,13/05/17,Buyuksehyr,Genclerbirligi,78,69,73,70,75,70,0.7119502635293343,0.19477188556657435,0.09327785090409144,1,1.32,4.825,10.075000000000001
274,13/05/17,Fenerbahce,Antalyaspor,80,81,78,72,77,71,0.5992508635703271,0.22492889556981469,0.17582024085985828,2,1.5633333333333335,4.165,5.328333333333333
275,14/05/17,Alanyaspor,Karabukspor,73,71,71,70,70,70,0.5203650003140134,0.25522888954658324,0.2244061101394032,1,1.8033333333333335,3.6766666666666663,4.181666666666667
276,14/05/17,Gaziantepspor,Galatasaray,71,76,68,74,69,77,0.2518485896651384,0.24377721866677535,0.5043741916680863,2,3.725,3.848333333333333,1.86
277,14/05/17,Osmanlispor,Akhisar Belediyespor,74,70,74,71,72,71,0.48748993322753004,0.27434704595902026,0.23816302081344976,2,1.92,3.411666666666667,3.9299999999999997
278,15/05/17,Bursaspor,Besiktas,70,78,71,76,72,78,0.090331116781805,0.16921486681228218,0.7404540164059127,2,10.396666666666667,5.55,1.2683333333333333
279,19/05/17,Galatasaray,Osmanlispor,76,74,74,74,77,72,0.6515078988091325,0.20469834860169894,0.14379375258916874,1,1.4316666666666666,4.556666666666666,6.486666666666667
280,20/05/17,Antalyaspor,Bursaspor,81,70,72,71,71,72,0.6882683122533295,0.19102957238051596,0.12070211536615452,1,1.36,4.9,7.755
281,20/05/17,Besiktas,Kasimpasa,78,69,76,71,78,71,0.8063207254600608,0.13059012588569932,0.06308914865423988,1,1.158,7.15,14.8
282,20/05/17,Kayserispor,Adanaspor,73,71,70,67,72,69,0.7008425188350801,0.19111712373693823,0.10804035742798167,X,1.3316666666666668,4.883333333333334,8.638333333333334
283,20/05/17,Rizespor,Gaziantepspor,76,71,68,68,68,69,0.5623232490455234,0.23681257151411575,0.20086417944036067,1,1.666,3.9560000000000004,4.664
284,21/05/17,Konyaspor,Karabukspor,72,71,71,70,70,70,0.43038678093646976,0.2859690854890376,0.28364413357449253,1,2.161666666666667,3.2533333333333334,3.28
285,21/05/17,Trabzonspor,Buyuksehyr,73,78,76,73,74,75,0.3270089413817247,0.2759087726547525,0.39708228596352285,X,2.861666666666667,3.391666666666666,2.3566666666666665
286,22/05/17,Akhisar Belediyespor,Alanyaspor,70,73,71,71,71,70,0.4861117827069072,0.26234604146087054,0.25154217583222227,1,1.9266666666666665,3.57,3.723333333333334
287,22/05/17,Genclerbirligi,Fenerbahce,69,80,70,78,70,77,0.23651112100323907,0.2657252253959724,0.4977636536007886,2,3.956666666666667,3.5216666666666665,1.8800000000000001
288,27/05/17,Buyuksehyr,Adanaspor,78,71,73,67,75,69,0.7665935534187658,0.15356923145284426,0.07983721512838998,1,1.226,6.12,11.772
289,27/05/17,Fenerbahce,Trabzonspor,80,73,78,76,77,74,0.530039737989052,0.2665222492042455,0.20343801280670232,X,1.7739999999999998,3.528,4.622
290,27/05/17,Kasimpasa,Antalyaspor,69,81,71,72,71,71,0.2963012754073194,0.25727146964565273,0.44642725494702784,2,3.164,3.6439999999999997,2.1
291,27/05/17,Konyaspor,Akhisar Belediyespor,72,70,71,71,70,71,0.2918582507695751,0.2801722347227453,0.42796951450767967,2,3.1966666666666668,3.33,2.18
292,28/05/17,Bursaspor,Genclerbirligi,70,69,71,70,72,70,0.5694392294023907,0.23786701987694797,0.19269375072066136,2,1.65,3.95,4.8759999999999994
293,28/05/17,Gaziantepspor,Besiktas,71,78,68,76,69,78,0.052915726167783984,0.12405408651255319,0.8230301873196629,2,17.7,7.55,1.1380000000000001
294,28/05/17,Karabukspor,Kayserispor,71,73,70,70,70,72,0.4360120661579187,0.2640694254801136,0.2999185083619677,X,2.145,3.5416666666666665,3.1183333333333327
295,28/05/17,Osmanlispor,Rizespor,74,76,74,68,72,68,0.33028375267523064,0.2690789862169306,0.40063726110783876,2,2.828333333333333,3.4716666666666662,2.3316666666666666
296,29/05/17,Alanyaspor,Galatasaray,73,76,71,74,70,77,0.21160082535680683,0.23318200406235173,0.5552171705808415,2,4.43,4.0200000000000005,1.6883333333333332
297,02/06/17,Akhisar Belediyespor,Karabukspor,70,71,71,70,71,70,0.687326107189509,0.19164202988685414,0.12103186292363677,2,1.364,4.892,7.746
298,02/06/17,Antalyaspor,Gaziantepspor,81,71,72,68,71,69,0.6749791644146788,0.18934007578995707,0.1356807597953643,1,1.3866666666666667,4.943333333333333,6.898333333333333
299,02/06/17,Genclerbirligi,Kasimpasa,69,69,70,71,70,71,0.4810303697586935,0.24973621433159005,0.2692334159097165,1,1.95,3.7560000000000002,3.4839999999999995
300,03/06/17,Adanaspor,Fenerbahce,71,80,67,78,69,77,0.11033046128612198,0.17546930077012649,0.7142002379437514,2,8.48,5.332,1.31
301,03/06/17,Besiktas,Osmanlispor,78,74,76,74,78,72,0.7443456568103856,0.15988698445772137,0.09576735873189292,1,1.248,5.8100000000000005,9.7
302,03/06/17,Galatasaray,Konyaspor,76,72,74,71,77,70,0.7550072607507982,0.1514486831608359,0.09354405608836597,1,1.2416666666666665,6.19,10.021666666666667
303,03/06/17,Kayserispor,Buyuksehyr,73,78,70,73,72,75,0.33144724176243406,0.2593735340661707,0.4091792241713952,2,2.8249999999999997,3.61,2.2883333333333336
304,03/06/17,Rizespor,Alanyaspor,76,73,68,71,68,70,0.7123006233545105,0.16930854442162482,0.11839083222386478,1,1.3116666666666668,5.5183333333333335,7.891666666666667
305,03/06/17,Trabzonspor,Bursaspor,73,70,76,71,74,72,0.356730342070191,0.25410928476232786,0.38916037316748114,2,2.6,3.65,2.3833333333333333
